Antwort ID;[Entfernung zur Uni];[akute gesundheitliche Gründe];[kein Interesse am speziellen Thema der Lehrveranstaltung];[zeitliche Überlappung mit der Arbeit];[persönliche Verpflichtungen];[bevorzugte Nutzung der Materialien auf ILIAS];[längerdauernde gesundheitliche Probleme];[didaktisch-methodische Gestaltung der Lehrveranstaltung];[keine Anwesenheitspflicht]
9;0;0;0;0;0;0;0;0;0
11;0;1;0;0;1;0;0;0;0
13;0;1;0;1;0;0;0;0;0
16;0;1;0;1;1;0;0;0;0
17;0;0;1;0;0;0;1;1;0
18;0;0;1;1;0;0;0;1;0
20;0;1;0;1;0;0;0;1;0
21;0;1;0;0;1;0;0;0;1
23;0;1;0;1;0;0;0;0;0
24;0;0;0;0;0;0;0;0;0
25;0;1;0;1;0;0;0;0;1
26;0;0;1;0;0;0;0;1;1
27;0;0;0;1;1;0;0;0;0
30;0;0;0;0;1;0;1;1;0
31;0;0;0;0;0;1;0;0;0
32;0;0;1;0;0;0;0;1;1
35;0;0;0;1;0;1;0;0;0
38;0;0;1;1;0;0;0;0;1
41;0;0;0;0;0;0;0;0;0
43;0;0;0;0;0;0;1;1;1
44;0;0;1;1;0;0;0;1;0
45;0;1;0;1;1;0;0;0;0
46;0;0;1;0;1;0;0;1;0
47;0;0;0;1;1;0;0;0;0
48;0;0;0;0;0;0;0;0;0
49;0;0;0;0;0;0;0;0;1
50;0;0;0;0;0;0;0;0;0
53;0;0;0;0;1;0;0;0;1
55;0;0;0;0;0;0;0;0;1
56;0;0;0;0;0;1;0;1;0
58;0;1;0;1;1;0;0;0;0
59;0;1;0;0;0;0;0;0;0
60;0;1;0;0;0;0;0;1;0
61;0;0;1;0;0;0;0;0;1
64;0;0;1;1;0;0;0;1;0
66;0;0;0;0;0;0;0;0;0
68;0;1;0;0;1;0;0;0;0
70;0;0;1;0;0;0;0;1;0
71;0;0;0;0;1;0;0;0;0
72;0;0;1;0;0;0;0;1;1
75;0;0;1;0;0;0;0;1;1
76;0;0;0;0;0;0;0;1;1
77;0;0;0;1;0;1;0;1;0
78;0;0;0;0;1;0;0;1;0
79;0;1;0;1;0;1;0;0;0
80;0;0;0;1;0;0;0;0;0
82;0;0;1;0;0;1;0;1;0
83;0;0;0;1;1;0;0;0;0
85;0;1;0;0;0;0;0;0;0
86;0;1;0;1;0;0;0;1;0
89;0;0;0;1;0;0;0;0;0
91;0;1;0;0;0;0;0;0;1
92;0;1;0;1;0;0;0;0;1
93;0;0;0;0;1;1;0;1;0
95;0;0;0;1;0;0;0;0;0
96;0;0;1;1;0;0;1;0;0
97;0;0;1;0;1;0;0;0;1
98;0;0;0;1;0;0;0;0;0
99;0;0;0;1;1;0;0;0;1
100;0;1;0;1;1;0;0;0;0
101;0;1;0;0;0;0;1;0;1
102;0;1;0;0;1;0;0;0;1
103;0;0;1;0;0;0;0;1;1
104;0;0;0;0;0;0;0;0;0
105;0;1;0;1;0;0;0;0;0
108;0;1;0;1;0;0;0;0;0
109;0;1;1;1;0;0;0;0;0
110;0;1;0;1;0;0;0;0;0
111;0;1;0;0;1;0;0;0;1
112;0;1;0;1;0;0;0;1;0
117;0;0;0;0;0;0;0;1;1
119;0;0;0;1;0;0;0;0;1
120;0;0;0;1;0;0;0;0;0
122;0;1;0;0;1;0;0;1;0
125;0;1;0;1;0;0;0;1;0
126;0;0;1;0;0;0;0;0;0
127;0;0;0;1;1;0;0;1;0
128;0;0;1;0;1;1;0;0;0
130;0;0;1;0;0;1;0;1;0
131;0;0;0;1;0;0;1;1;0
132;0;0;0;1;0;1;0;1;0
134;0;0;0;1;1;0;0;0;1
137;0;0;0;0;1;0;0;1;0
139;0;1;0;0;0;0;0;1;0
146;0;1;0;1;0;0;0;0;0
148;0;1;0;0;0;1;0;0;0
149;0;0;0;1;1;0;0;0;0
150;0;0;0;1;1;0;0;0;0
153;0;1;1;0;0;0;0;0;0
155;0;1;0;1;1;0;0;0;0
156;0;0;0;1;1;0;0;0;0
157;0;0;1;1;0;0;0;0;1
159;0;1;0;0;1;0;0;0;0
160;0;0;0;0;1;0;0;1;1
162;0;1;0;0;1;0;0;0;1
163;0;0;1;0;1;0;0;1;0
166;0;1;0;1;0;0;0;0;0
167;0;0;1;0;0;1;0;1;0
168;0;1;0;1;0;0;0;1;0
169;0;0;0;0;0;0;0;0;0
170;0;0;1;0;1;0;0;0;0
171;0;0;1;0;1;0;0;0;1
174;0;1;0;1;0;0;0;1;0
175;0;1;0;0;0;0;1;0;1
177;0;1;0;1;0;1;0;0;0
180;0;1;0;1;0;0;1;0;0
181;0;0;0;0;0;1;0;1;1
182;0;0;0;1;1;0;0;1;0
184;0;0;0;0;1;0;0;0;1
186;0;0;0;0;0;1;0;1;1
187;0;0;0;0;1;0;1;1;0
188;0;0;0;0;0;1;0;1;0
189;0;0;0;1;1;0;0;0;1
190;0;0;1;0;0;0;0;1;0
191;0;0;0;1;0;1;0;0;1
192;0;0;0;1;0;1;0;0;1
193;0;1;0;1;0;0;0;1;0
194;0;1;0;0;1;0;0;0;1
195;0;1;0;0;1;0;0;1;0
196;0;0;0;1;1;0;0;1;0
197;0;0;1;1;0;0;0;1;0
198;0;0;0;0;0;0;0;1;1
199;0;0;1;0;0;0;0;1;0
202;0;0;1;0;0;0;0;1;1
203;0;0;0;1;0;0;0;0;0
205;0;0;0;0;0;0;0;1;0
209;0;0;1;1;0;0;0;1;0
210;0;0;0;0;0;1;0;1;1
211;0;1;0;1;0;0;0;0;0
212;0;0;0;0;0;1;0;1;0
213;0;0;0;0;0;0;0;1;0
214;0;1;0;0;1;0;0;0;0
216;0;1;0;1;0;0;0;0;0
218;0;1;0;0;0;0;0;1;1
219;0;0;0;1;0;0;0;1;0
222;0;0;1;0;0;0;0;0;1
224;0;1;0;1;1;0;0;0;0
227;0;0;1;1;0;0;0;1;0
228;0;0;0;1;1;0;0;1;0
229;0;0;0;1;0;1;0;0;0
233;0;1;0;0;0;0;0;0;0
236;0;0;1;1;1;0;0;0;0
237;0;0;0;1;0;0;1;0;0
238;0;1;0;1;0;1;0;0;0
239;0;0;1;1;1;0;0;0;0
240;0;0;0;0;0;0;0;0;0
245;0;0;0;1;0;1;0;0;0
250;0;0;0;0;0;0;1;1;1
252;0;0;0;0;0;0;0;0;0
254;0;0;0;0;0;0;0;1;0
255;0;1;0;1;0;0;0;1;0
257;0;0;0;1;1;0;0;0;0
258;0;1;0;0;0;0;0;0;0
260;0;0;0;0;0;0;0;0;0
261;0;0;1;0;0;0;0;1;1
263;0;1;0;1;0;0;0;0;0
264;0;0;1;0;0;0;0;1;0
267;0;0;0;0;0;0;0;0;0
270;0;0;0;0;0;0;0;1;0
271;0;0;0;0;0;0;0;0;0
272;0;0;0;0;0;0;0;0;0
273;0;1;0;0;0;0;0;0;0
274;0;0;0;0;1;0;0;1;0
275;0;0;0;0;0;1;0;1;0
276;0;0;0;1;0;1;0;0;1
277;0;0;0;0;0;0;0;1;0
280;0;1;0;0;1;0;0;1;0
282;0;0;0;0;0;0;0;1;0
285;0;0;0;0;1;0;0;0;0
287;0;0;0;0;0;1;0;0;1
288;0;0;0;1;0;0;0;0;0
291;0;0;0;1;1;0;0;1;0
292;0;0;0;0;1;0;0;0;0
294;0;0;0;0;0;0;0;1;0
295;0;0;0;1;1;0;0;0;1
296;0;1;0;0;0;0;0;0;1
297;0;0;1;0;0;1;0;0;1
298;0;0;0;0;1;1;0;0;0
300;0;1;0;1;0;0;0;0;0
302;0;0;0;1;0;0;0;0;0
303;0;1;0;0;0;0;0;0;0
305;0;0;0;0;1;1;0;0;0
306;0;1;0;0;0;0;0;0;0
307;0;0;0;0;0;1;0;1;0
309;0;0;0;1;1;1;0;0;0
310;0;0;1;1;0;0;0;0;0
312;0;0;0;1;0;1;0;1;0
314;0;1;0;0;0;0;0;0;0
315;0;0;1;1;0;0;0;1;0
316;0;1;0;1;0;0;0;1;0
317;0;1;0;0;1;0;0;0;0
318;0;0;0;1;0;1;0;1;0
319;0;0;0;0;1;0;0;0;0
320;0;0;0;0;0;0;0;1;0
321;0;0;0;0;1;0;0;0;0
323;0;0;0;1;0;0;0;0;0
325;0;1;0;0;0;0;0;0;0
327;0;1;0;1;0;0;0;0;0
334;0;0;0;1;1;0;0;0;1
335;0;0;0;0;0;0;0;0;1
336;0;0;0;0;0;0;0;0;0
338;0;0;0;0;1;0;0;0;0
339;0;0;0;1;1;0;0;0;0
340;0;1;1;0;0;0;0;0;1
341;0;0;0;1;0;1;0;1;0
342;0;0;0;0;0;0;0;0;0
343;0;1;0;1;1;0;0;0;0
344;0;0;0;0;1;0;0;0;0
346;0;0;0;0;1;1;0;0;0
349;0;0;0;0;0;0;0;0;0
350;0;1;0;1;0;0;0;1;0
354;0;0;0;1;0;0;0;1;0
355;0;0;1;0;0;1;0;0;1
359;0;1;0;1;0;0;0;1;0
360;0;0;0;0;1;0;0;1;1
361;0;0;0;0;1;0;0;0;0
362;0;1;0;0;1;0;0;1;0
363;0;0;1;0;0;1;0;0;0
365;0;0;1;0;0;1;0;0;1
366;0;0;0;0;0;0;0;0;0
367;0;0;1;1;0;0;0;1;0
368;0;0;0;1;0;1;0;0;1
369;0;1;0;1;0;0;0;1;0
370;0;0;0;1;0;0;0;1;0
371;0;0;0;1;1;1;0;0;0
372;0;0;1;1;0;0;0;1;0
373;0;0;1;0;0;0;0;0;0
375;0;1;0;0;0;0;1;1;0
379;0;1;1;0;0;0;0;0;0
381;0;0;0;0;0;0;0;0;1
383;0;0;0;0;0;0;0;0;0
385;0;1;0;1;0;0;0;0;0
386;0;1;0;0;0;0;0;1;0
387;0;0;0;0;0;0;0;1;0
388;0;1;0;0;1;0;0;1;0
389;0;1;0;0;0;0;0;1;1
390;0;0;0;0;0;0;0;0;1
393;0;1;0;0;0;0;0;0;0
395;0;0;0;0;0;1;0;0;1
398;0;0;0;0;0;0;0;0;0
401;0;1;0;0;1;0;0;0;0
402;0;1;0;0;0;0;0;0;1
403;0;1;0;1;1;0;0;0;0
404;0;1;0;1;0;0;0;0;0
405;0;0;1;0;0;1;0;0;1
406;0;0;0;0;0;0;0;0;0
407;0;0;0;0;1;0;0;0;1
409;0;0;0;1;0;1;0;0;0
411;0;1;0;0;0;0;0;1;0
412;0;0;0;1;1;0;0;0;1
413;0;0;0;1;1;0;1;0;0
414;0;0;1;0;0;0;0;0;1
415;0;0;1;0;0;0;0;1;1
420;0;0;0;1;0;1;0;0;0
422;0;0;1;0;0;1;0;1;0
425;0;0;0;0;1;0;1;0;0
427;0;0;0;0;0;1;0;1;1
429;0;0;1;0;0;0;0;0;0
430;0;0;1;1;0;0;0;1;0
432;0;1;1;0;0;0;0;1;0
434;0;0;0;0;0;0;0;0;0
435;0;0;0;0;1;1;0;1;0
438;0;1;0;1;1;0;0;0;0
441;0;0;0;0;1;1;0;1;0
442;0;0;0;0;0;0;0;0;0
443;0;1;0;0;1;0;0;1;0
448;0;1;0;1;1;0;0;0;0
449;0;0;1;0;0;0;0;0;0
455;0;0;1;1;0;0;0;0;1
456;0;0;0;0;0;1;0;1;1
457;0;1;0;0;0;0;0;1;0
458;0;1;0;0;1;0;0;0;0
465;0;0;0;1;0;1;0;0;0
467;0;0;1;0;0;0;0;0;1
468;0;0;1;0;0;0;0;1;0
472;0;0;0;1;0;1;0;1;0
473;0;0;1;0;0;0;0;1;1
475;0;1;0;1;0;0;0;0;0
477;0;0;0;0;1;1;0;1;0
478;0;1;0;0;0;0;0;1;0
479;0;0;1;0;0;1;0;0;1
480;0;0;0;1;0;1;0;0;1
485;0;0;0;0;0;0;0;1;0
486;0;1;0;0;0;0;0;1;1
487;0;0;0;0;0;0;1;0;0
488;0;0;0;0;0;1;1;1;0
489;0;0;1;0;0;1;0;1;0
491;0;0;0;0;1;1;1;0;0
493;0;1;0;0;0;1;0;0;1
495;0;0;0;1;0;0;0;1;0
498;0;1;0;1;0;0;0;0;0
500;0;0;0;0;0;0;1;0;1
502;0;0;1;0;0;0;0;1;0
504;0;0;1;0;0;0;0;1;1
505;0;1;0;0;1;0;0;0;0
506;0;0;0;1;1;0;0;1;0
508;0;0;0;0;1;1;0;1;0
510;0;0;0;0;0;0;0;0;0
513;0;1;1;0;0;0;0;0;0
515;0;1;0;1;0;0;0;0;0
518;0;1;0;1;0;0;0;0;0
519;0;1;0;0;1;0;0;0;1
520;0;1;0;1;0;0;0;1;0
521;0;1;0;0;1;0;0;0;1
523;0;0;1;1;0;0;0;1;0
525;0;0;0;0;0;0;0;0;0
526;0;1;0;1;1;0;0;0;0
527;0;0;0;1;0;0;0;0;0
528;0;0;1;0;1;0;0;1;0
529;0;0;0;0;0;0;0;1;1
530;0;0;0;1;1;0;0;0;1
531;0;0;0;0;1;0;0;1;1
532;0;1;1;0;0;0;0;1;0
533;0;1;0;1;0;0;0;0;1
534;0;0;0;1;0;0;0;1;0
535;0;0;0;0;1;1;0;0;0
538;0;0;1;1;0;0;0;1;0
542;0;0;0;1;1;0;1;0;0
545;0;0;0;1;0;0;0;1;0
546;0;1;0;1;0;0;1;0;0
547;0;0;0;0;1;1;0;0;0
548;0;0;0;0;0;0;0;0;0
549;0;0;0;1;0;0;0;0;0
551;0;0;0;0;0;0;0;1;0
552;0;1;0;0;0;0;0;1;0
555;0;0;0;0;0;0;1;0;0
556;0;0;0;1;0;1;0;1;0
557;0;1;0;1;1;0;0;0;0
558;0;0;1;0;1;0;0;1;0
559;0;0;0;0;1;0;0;0;0
560;0;0;0;1;1;0;0;1;0
561;0;0;0;0;0;1;0;0;0
562;0;0;0;1;0;0;0;0;0
564;0;1;0;0;1;0;1;0;0
566;0;1;0;0;0;0;0;1;0
567;0;0;0;1;1;1;0;0;0
568;0;0;0;0;0;0;0;0;0
569;0;0;1;0;0;1;0;1;0
570;0;0;0;1;1;1;0;0;0
571;0;1;0;1;1;0;0;0;0
574;0;0;0;0;0;0;0;0;0
575;0;1;0;0;1;0;0;0;1
580;0;0;0;0;0;0;0;0;0
581;0;0;0;1;1;1;0;0;0
583;0;1;1;1;0;0;0;0;0
585;0;1;0;1;0;0;0;0;0
587;0;1;0;0;0;0;0;1;1
590;0;0;0;0;1;1;0;0;0
592;0;0;0;1;0;0;0;0;0
593;0;0;1;0;0;1;0;0;0
594;0;1;1;0;1;0;0;0;0
595;0;1;1;1;0;0;0;0;0
596;0;0;0;1;0;0;0;0;0
598;0;0;0;0;1;0;0;1;1
599;0;1;0;1;1;0;0;0;0
600;0;0;0;0;0;0;0;0;1
601;0;0;0;1;1;1;0;0;0
603;0;0;0;1;1;0;0;0;1
604;0;0;0;0;0;0;0;0;1
609;0;1;0;0;0;0;0;0;0
610;0;1;0;1;0;0;0;1;0
614;0;1;1;0;0;0;0;0;1
616;0;1;1;0;0;0;0;0;1
617;0;1;0;1;0;0;0;0;1
618;0;1;0;0;0;0;0;0;0
620;0;1;0;0;1;0;0;0;0
621;0;1;0;1;0;0;0;0;1
622;0;0;0;1;1;0;0;1;0
623;0;0;1;1;0;0;0;0;1
624;0;0;1;0;0;1;0;0;1
625;0;0;0;1;0;0;0;0;0
627;0;1;0;1;0;0;0;1;0
628;0;1;1;1;0;0;0;0;0
629;0;0;0;0;0;1;0;1;0
631;0;0;0;1;1;0;0;1;0
632;0;0;1;0;0;0;0;1;1
633;0;0;0;0;0;0;1;0;0
635;0;0;1;1;0;0;0;1;0
636;0;0;1;0;0;1;0;0;1
637;0;1;0;0;0;0;1;0;0
638;0;1;0;1;1;0;0;0;0
639;0;0;0;0;0;1;0;1;0
640;0;0;0;0;0;1;0;1;1
641;0;1;0;0;1;0;0;1;0
642;0;0;0;0;0;1;1;0;1
644;0;0;0;1;0;0;0;0;0
645;0;1;0;1;1;0;0;0;0
646;0;0;1;0;0;1;0;0;1
647;0;1;0;0;1;0;0;1;0
648;0;0;1;1;0;1;0;0;0
649;0;0;1;0;0;0;0;0;0
650;0;0;0;0;0;0;0;0;0
651;0;1;0;1;0;0;0;0;0
653;0;0;0;0;0;1;0;0;1
655;0;0;0;1;1;0;0;0;0
665;0;1;0;1;0;0;1;0;0
667;0;0;0;0;0;0;0;1;0
669;0;1;0;0;1;0;0;1;0
670;0;1;0;1;0;0;0;1;0
671;0;0;0;1;1;0;1;0;0
672;0;1;0;0;1;0;0;1;0
674;0;0;1;1;0;1;0;0;0
675;0;1;1;1;0;0;0;0;0
676;0;0;1;1;0;1;0;0;0
685;0;0;1;0;1;0;0;1;0
686;0;0;1;0;1;0;0;1;0
690;0;1;0;0;1;0;0;0;0
691;0;0;0;1;0;0;0;1;0
692;0;1;0;0;1;0;0;0;0
693;0;0;0;0;0;0;0;0;0
697;0;0;0;1;1;0;0;1;0
701;0;1;0;1;0;0;0;0;0
703;0;1;0;0;1;0;0;1;0
704;0;0;0;1;1;0;0;0;0
706;0;1;0;0;0;1;0;0;1
707;0;0;0;0;1;1;0;0;0
709;0;0;1;0;0;0;0;1;0
711;0;0;1;0;0;0;0;1;0
712;0;0;1;0;1;0;0;0;0
714;0;1;0;1;0;1;0;0;0
716;0;0;1;0;1;0;0;1;0
717;0;1;1;0;0;0;0;0;1
718;0;1;0;0;1;0;0;1;0
720;0;1;0;0;0;0;0;1;1
721;0;1;1;1;0;0;0;0;0
722;0;1;0;0;0;0;0;0;1
723;0;1;0;1;0;0;0;0;0
724;0;1;0;0;1;0;0;0;1
725;0;0;1;0;1;0;0;1;0
726;0;1;0;0;0;0;0;1;1
731;0;1;0;0;1;0;0;0;0
733;0;0;0;0;0;0;0;0;0
735;0;0;1;0;0;0;0;1;1
737;0;0;0;0;0;0;0;0;1
739;0;0;0;0;0;1;0;1;1
741;0;1;0;0;0;0;0;0;0
742;0;1;0;1;0;0;0;0;0
743;0;1;0;1;0;0;0;0;1
744;0;0;0;1;0;1;0;0;0
745;0;1;0;1;0;0;0;1;0
747;0;0;0;1;0;0;0;0;0
748;0;0;0;0;0;0;0;1;0
750;0;1;0;1;0;1;0;0;0
751;0;1;0;0;0;0;0;0;0
753;0;0;0;0;0;0;0;0;1
756;0;0;0;0;0;1;0;0;0
757;0;1;0;1;0;0;0;1;0
758;0;0;0;0;0;0;0;0;1
760;0;1;0;0;0;0;0;0;0
761;0;0;0;0;0;0;0;0;0
763;0;0;1;1;0;0;0;0;1
764;0;0;0;0;0;0;0;1;0
765;0;0;0;1;0;1;0;0;0
766;0;0;0;1;1;0;0;0;1
767;0;0;1;1;0;0;0;1;0
769;0;1;0;1;0;0;0;1;0
770;0;0;1;0;0;0;0;1;0
771;0;0;1;1;0;0;0;0;1
776;0;1;0;0;1;0;1;0;0
777;0;0;0;1;0;0;0;0;1
778;0;0;0;0;1;0;0;1;0
782;0;0;0;1;0;1;0;0;0
785;0;1;0;0;0;0;0;0;0
794;0;0;0;0;0;0;0;1;0
795;0;0;1;0;0;1;0;0;0
802;0;0;0;0;0;0;0;1;1
803;0;0;0;1;0;0;0;0;0
804;0;1;1;1;0;0;0;0;1
807;0;0;0;0;0;0;0;0;0
812;0;1;0;0;0;0;1;0;0
813;0;0;0;0;0;1;0;0;1
815;0;0;0;1;0;0;0;0;0
816;0;1;0;0;0;1;0;1;0
817;0;0;0;1;0;0;0;0;1
818;0;0;0;1;0;0;0;0;0
819;0;0;0;1;1;0;0;0;0
820;0;0;0;0;0;1;0;1;0
821;0;0;1;1;0;0;1;0;0
824;0;1;0;1;0;1;0;0;0
825;0;1;0;1;0;0;0;0;0
827;0;1;1;0;0;0;0;1;0
829;0;1;0;0;0;1;0;1;0
831;0;1;0;1;0;0;0;0;0
832;0;1;0;0;1;0;0;1;0
833;0;0;0;0;0;0;1;0;0
835;0;0;0;1;1;1;0;0;0
836;0;0;0;1;0;1;0;1;0
839;0;0;0;0;0;0;0;1;1
841;0;0;1;0;0;1;0;1;0
842;0;0;1;0;0;0;0;1;1
844;0;1;1;0;0;0;0;0;1
845;0;0;0;0;0;1;0;1;0
846;0;0;0;0;0;0;0;0;0
847;0;1;0;1;1;0;0;0;0
848;0;0;0;0;1;0;0;1;0
849;0;1;0;0;0;1;0;0;0
852;0;0;0;0;0;1;0;1;0
853;0;0;1;0;0;0;0;1;0
855;0;0;0;1;0;0;0;1;0
856;0;0;0;1;0;0;0;1;1
857;0;1;0;0;0;0;0;0;0
858;0;0;0;0;0;1;1;0;1
861;0;0;1;0;0;0;0;0;0
862;0;0;1;1;0;0;0;0;0
864;0;0;0;1;1;0;0;0;0
867;0;1;0;0;0;0;0;1;0
869;0;0;1;1;0;0;0;0;1
873;0;1;0;0;0;0;1;0;0
875;0;1;0;0;1;0;0;0;1
876;0;0;0;0;0;0;1;0;0
878;0;0;0;1;1;1;0;0;0
879;0;0;0;0;0;1;0;1;1
881;0;0;0;1;0;0;0;0;0
882;0;0;0;0;0;0;0;0;1
884;0;1;0;1;1;0;0;0;0
887;0;0;0;1;0;0;0;1;1
889;0;0;0;1;1;0;0;1;0
890;0;0;0;1;0;1;0;1;0
893;0;0;0;1;0;0;0;0;0
897;0;0;1;0;0;0;0;1;1
898;0;0;1;1;0;0;0;0;0
906;0;0;1;1;0;0;0;1;0
908;0;1;0;0;0;1;1;0;0
909;0;1;0;0;1;0;0;0;0
910;0;1;0;0;1;0;0;0;0
911;0;0;0;0;0;0;0;0;0
912;0;1;0;1;1;0;0;0;0
914;0;1;0;0;1;0;0;0;0
915;0;0;0;0;1;0;0;1;0
917;0;1;0;1;1;0;0;0;0
918;0;0;1;1;0;0;0;0;0
921;0;1;0;1;1;0;0;0;0
922;0;0;0;0;1;0;0;0;0
925;0;0;1;0;0;1;0;0;1
927;0;0;1;0;0;0;0;1;1
932;0;0;0;0;0;0;0;0;1
935;0;0;1;0;0;0;0;1;1
938;0;1;0;1;1;0;0;0;0
939;0;1;0;0;0;0;0;0;0
941;0;0;0;1;0;1;0;1;0
942;0;0;0;0;1;1;0;0;1
943;0;1;0;0;1;0;0;0;0
945;0;0;1;1;0;0;0;1;0
946;0;1;1;0;0;0;0;1;0
948;0;1;0;1;1;0;0;0;0
949;0;1;0;0;0;1;0;1;0
951;0;0;0;1;0;0;0;1;0
952;0;0;0;0;0;0;0;1;1
953;0;1;0;0;1;0;0;0;1
954;0;0;0;1;1;0;0;0;1
955;0;0;0;0;0;1;0;1;0
956;0;0;0;0;1;0;0;0;0
957;0;1;0;0;1;0;0;1;0
958;0;1;0;1;0;0;0;0;1
960;0;0;0;0;0;1;0;1;0
961;0;1;0;0;0;0;1;0;0
964;0;1;0;0;0;0;0;0;0
968;0;0;0;1;1;0;0;1;0
969;0;0;0;1;0;0;0;0;1
970;0;1;1;1;0;0;0;0;0
971;0;1;0;1;0;0;0;0;1
973;0;1;0;0;1;0;1;0;0
977;0;1;0;1;0;0;0;1;0
978;0;0;0;0;0;0;0;1;1
979;0;0;1;0;1;0;0;0;1
980;0;0;0;1;1;0;0;1;0
981;0;0;0;1;0;1;0;0;1
982;0;0;1;0;0;1;0;0;0
983;0;0;0;0;1;0;0;1;0
984;0;0;0;0;1;1;0;1;0
985;0;0;0;1;0;0;0;1;0
986;0;1;0;1;0;0;0;1;0
987;0;1;0;0;0;0;0;0;0
988;0;0;0;1;0;1;0;1;0
991;0;0;0;1;1;0;0;0;1
992;0;0;0;1;1;1;0;0;0
993;0;1;0;0;1;1;0;0;0
995;0;1;0;0;1;0;1;0;0
997;0;0;0;1;0;0;0;1;0
999;0;0;1;0;0;0;0;1;0
1000;0;0;0;1;1;0;0;0;0
1001;0;0;0;0;0;0;0;0;0
1004;0;1;0;1;0;0;0;1;0
1006;0;0;0;0;0;1;0;1;0
1007;0;0;0;1;1;0;0;1;0
1010;0;1;0;1;0;0;0;0;0
1012;0;0;0;1;0;1;0;0;1
1013;0;1;0;0;0;0;0;1;0
1015;0;1;0;0;0;1;1;0;0
1017;0;0;0;0;1;0;0;0;1
1020;0;0;0;0;1;0;0;0;0
1022;0;1;0;1;0;0;1;0;0
1023;0;1;0;0;1;0;0;1;0
1024;0;1;0;1;0;0;0;1;0
1027;0;0;0;0;0;0;0;0;0
1030;0;0;1;0;0;1;0;0;1
1031;0;0;0;0;0;1;1;0;1
1035;0;0;0;1;1;1;0;0;0
1036;0;0;0;1;0;0;0;0;0
1038;0;0;0;1;0;1;0;0;1
1039;0;0;0;0;1;0;0;1;0
1040;0;0;0;0;0;1;0;1;1
1041;0;0;0;0;0;1;0;1;1
1042;0;1;0;1;0;0;0;0;0
1043;0;0;1;0;0;0;0;1;0
1044;0;0;1;1;0;0;0;1;0
1046;0;0;0;1;1;0;0;0;0
1047;0;0;1;1;0;1;0;0;0
1048;0;0;0;1;1;0;0;1;0
1049;0;1;0;0;1;0;0;0;0
1053;0;1;0;1;0;0;0;1;0
1054;0;0;0;1;0;0;0;1;0
1055;0;1;0;0;0;0;0;0;0
1056;0;0;0;0;0;0;0;1;0
1057;0;0;1;1;1;0;0;0;0
1060;0;1;0;0;0;0;0;1;0
1062;0;1;0;1;1;0;0;0;0
1065;0;1;0;0;0;0;0;0;0
1068;0;1;0;1;0;1;0;0;0
1069;0;1;0;0;1;0;1;0;0
1070;0;1;0;0;1;1;0;0;0
1072;0;1;0;1;1;0;0;0;0
1073;0;0;0;0;0;1;0;0;0
1074;0;0;0;1;1;0;0;1;0
1075;0;0;0;0;0;1;0;0;1
1077;0;0;0;1;0;0;0;1;1
1080;0;0;1;0;0;0;0;0;1
1081;0;1;0;1;0;0;0;0;0
1082;0;0;0;0;0;1;0;1;1
1083;0;1;0;0;0;0;1;0;0
1086;0;1;0;1;0;0;0;0;1
1087;0;0;0;1;1;0;1;0;0
1088;0;1;0;1;0;0;0;1;0
1089;0;0;0;0;1;0;0;1;1
1093;0;0;0;1;0;0;0;1;1
1095;0;0;0;1;0;0;0;1;0
1096;0;0;0;0;0;0;0;1;1
1097;0;0;0;1;0;0;0;1;0
1098;0;0;0;1;0;0;0;1;0
1101;0;0;0;0;0;0;0;0;0
1102;0;1;0;0;1;0;0;0;0
1103;0;0;0;0;0;0;0;0;0
1104;0;0;0;1;1;0;0;1;0
1105;0;0;1;1;0;0;0;0;1
1106;0;1;0;0;1;0;0;1;0
1107;0;1;0;0;1;1;0;0;0
1108;0;0;0;0;0;0;0;1;0
1109;0;1;0;0;0;0;0;0;0
1110;0;0;0;0;0;0;0;0;0
1111;0;1;0;1;0;0;0;0;1
1112;0;1;0;1;1;0;0;0;0
1115;0;0;0;0;0;0;0;1;1
1116;0;0;1;0;0;1;0;1;0
1117;0;1;0;1;1;0;0;0;0
1118;0;0;0;1;1;0;0;1;0
1123;0;0;0;1;0;0;0;0;0
1124;0;0;1;0;0;0;0;1;0
1126;0;0;0;0;0;1;0;0;1
1127;0;1;1;0;0;0;0;1;0
1128;0;0;0;1;0;0;0;0;0
1129;0;0;0;1;1;0;0;0;0
1130;0;1;0;0;0;1;0;0;0
1132;0;0;0;0;0;0;0;1;0
1134;0;0;0;1;1;0;1;0;0
1135;0;0;0;1;0;1;0;0;1
1136;0;0;0;0;1;0;0;1;0
1137;0;0;0;1;0;1;0;0;0
1138;0;0;0;0;1;0;0;1;0
1139;0;0;1;0;0;0;0;1;1
1141;0;0;0;1;0;0;0;0;1
1143;0;0;0;1;1;0;0;0;0
1145;0;0;1;0;0;0;0;1;0
1146;0;1;0;1;0;0;0;0;0
1148;0;0;0;0;0;1;0;1;0
1151;0;0;0;1;0;0;0;0;0
1152;0;1;0;0;0;0;0;0;0
1155;0;0;0;1;0;1;0;0;0
1158;0;0;0;1;0;1;0;0;1
1159;0;0;1;0;0;1;0;1;0
1161;0;1;0;1;0;0;0;1;0
1162;0;0;0;1;0;0;0;1;1
1163;0;0;0;1;0;0;0;0;0
1164;0;0;0;1;0;1;0;0;0
1165;0;0;0;0;0;0;1;1;0
1167;0;0;0;1;0;1;0;1;0
1168;0;0;0;1;0;0;0;1;0
1169;0;0;0;0;0;1;0;1;0
1171;0;0;0;1;0;1;0;1;0
1172;0;1;0;0;0;0;0;1;0
1173;0;1;0;1;0;0;0;1;0
1174;0;1;0;1;0;0;0;1;0
1175;0;0;0;0;0;0;0;0;0
1182;0;1;0;1;0;0;0;0;0
1183;0;1;1;0;0;0;0;0;1
1185;0;0;0;0;0;0;0;1;0
1188;0;1;1;0;1;0;0;0;0
1191;0;1;0;1;1;0;0;0;0
1193;0;0;1;0;0;0;0;1;1
1194;0;1;0;1;0;0;1;0;0
1196;0;0;0;1;0;0;0;1;0
1197;0;0;1;1;0;0;0;1;0
1198;0;0;0;0;0;0;0;0;1
1200;0;1;0;1;0;0;0;0;0
1201;0;0;0;0;0;1;0;1;1
1205;0;0;0;1;1;0;0;0;0
1206;0;0;0;1;0;0;0;0;0
1207;0;0;1;0;0;1;0;0;1
1208;0;0;0;0;1;1;0;1;0
1211;0;0;0;1;0;1;0;1;0
1212;0;0;1;0;0;0;0;0;0
1213;0;1;1;0;0;0;0;0;0
1215;0;1;0;1;0;0;0;1;0
1216;0;1;0;1;0;0;0;0;0
1217;0;0;0;0;0;1;0;0;0
1218;0;0;1;1;0;0;0;0;1
1219;0;0;0;1;0;1;0;0;0
1221;0;1;0;1;0;0;0;0;0
1222;0;0;0;0;1;1;0;0;0
1224;0;0;0;1;0;0;1;1;0
1226;0;0;1;1;0;0;0;1;0
1228;0;0;1;1;0;0;0;1;0
1229;0;0;1;1;0;0;0;0;1
1230;0;0;0;0;0;0;0;0;0
1231;0;1;0;0;1;0;0;0;0
1233;0;0;0;0;1;1;0;0;1
1235;0;0;0;1;0;1;1;0;0
1236;0;1;0;0;1;0;0;0;0
1237;0;0;1;0;0;0;0;1;0
1238;0;1;0;0;1;0;1;0;0
1239;0;0;0;0;0;0;1;0;1
1241;0;1;0;0;0;0;0;1;0
1242;0;0;0;0;0;0;0;0;0
1243;0;0;0;0;0;0;0;1;0
1244;0;0;0;0;0;0;1;0;0
1246;0;0;0;1;1;0;0;1;0
1249;0;0;0;0;0;0;0;0;0
1250;0;0;1;0;0;1;0;0;1
1252;0;1;0;0;0;0;1;0;0
1253;0;1;0;0;1;1;0;0;0
1255;0;0;0;1;0;0;0;0;0
1256;0;1;0;0;0;0;0;0;0
1258;0;0;1;0;1;0;0;0;1
1260;0;1;0;1;1;0;0;0;0
1262;0;1;0;1;0;0;0;1;0
1263;0;1;0;1;0;0;0;0;0
1264;0;0;0;1;0;1;0;1;0
1265;0;1;0;0;0;0;0;0;0
1266;0;0;0;1;0;0;0;1;0
1267;0;0;1;0;0;0;0;1;0
1269;0;0;0;1;1;1;0;0;0
1270;0;0;0;0;0;0;0;0;0
1273;0;0;0;1;0;0;0;0;0
1276;0;0;0;1;0;0;0;0;0
1278;0;0;0;1;0;0;1;0;0
1281;0;0;0;1;0;0;0;1;0
1283;0;0;0;0;1;0;0;1;0
1285;0;0;0;0;1;0;1;0;1
1287;0;0;1;1;0;0;0;1;0
1288;0;0;0;0;0;0;0;0;0
1289;0;1;0;1;0;0;0;0;0
1290;0;0;1;0;0;0;1;1;0
1293;0;0;0;1;0;0;0;0;0
1295;0;0;0;1;0;0;0;0;0
1296;0;0;0;1;0;0;0;1;0
1298;0;1;0;1;0;0;0;0;1
1300;0;1;0;0;1;0;0;0;0
1302;0;0;1;0;0;0;0;0;1
1304;0;0;0;1;1;0;0;1;0
1306;0;1;0;1;1;0;0;0;0
1307;0;0;0;1;0;0;0;0;0
1310;0;0;0;1;0;0;0;1;0
1311;0;1;0;1;1;0;0;0;0
1312;0;1;0;0;1;0;0;0;1
1313;0;0;0;1;1;0;0;0;1
1314;0;1;1;0;0;0;0;1;0
1316;0;0;0;0;0;0;0;1;1
1317;0;0;0;1;0;0;0;0;0
1318;0;1;0;0;0;0;0;1;1
1319;0;0;0;0;0;0;0;0;0
1320;0;0;0;1;1;0;0;1;0
1321;0;0;0;0;0;0;0;0;1
1323;0;1;0;0;0;0;0;0;0
1325;0;0;1;0;0;0;0;0;1
1326;0;1;0;1;0;1;0;0;0
1327;0;0;1;0;0;0;0;1;1
1328;0;0;0;1;1;0;0;0;0
1329;0;1;0;0;1;0;0;0;1
1331;0;1;0;0;0;0;0;0;0
1334;0;0;0;1;1;0;0;0;0
1336;0;1;0;1;0;0;0;1;0
1337;0;0;0;0;0;0;0;1;0
1338;0;0;0;1;0;0;0;1;0
1339;0;0;0;1;1;0;0;1;0
1341;0;1;0;1;0;0;1;0;0
10;1;0;0;1;0;0;0;0;0
12;1;0;1;0;0;0;0;1;0
14;1;0;0;1;0;0;0;0;0
15;1;0;0;0;1;0;0;0;1
28;1;1;0;0;0;0;0;0;0
29;1;0;0;1;1;0;0;0;0
33;1;0;0;0;1;0;0;1;0
34;1;0;0;0;1;0;0;1;0
36;1;0;0;0;0;1;1;0;0
37;1;0;1;0;0;0;0;0;1
40;1;0;0;1;0;0;0;1;0
62;1;0;0;0;1;0;0;1;0
65;1;0;0;1;0;0;0;1;0
69;1;1;0;1;0;0;0;0;0
73;1;0;1;1;0;0;0;0;0
81;1;0;0;1;0;1;0;0;0
87;1;0;0;0;0;1;0;1;0
88;1;0;0;0;0;0;0;1;0
90;1;0;1;0;0;0;0;0;0
94;1;0;0;0;1;0;0;0;0
106;1;0;0;1;1;0;0;0;0
107;1;0;0;1;0;0;0;0;0
113;1;1;0;0;1;0;0;0;0
114;1;1;0;1;0;0;0;0;0
115;1;0;0;1;1;0;0;0;0
116;1;1;0;0;0;0;0;0;0
118;1;0;0;1;0;1;0;0;0
123;1;1;0;0;1;0;0;0;0
124;1;1;0;0;1;0;0;0;0
129;1;0;1;1;0;0;0;0;0
133;1;0;0;0;0;0;0;0;0
136;1;1;0;0;0;0;0;1;0
138;1;0;0;0;0;1;0;0;0
140;1;0;0;1;0;0;0;0;0
141;1;0;0;1;0;0;0;0;0
142;1;1;1;0;0;0;0;0;0
143;1;0;1;0;0;1;0;0;0
144;1;0;0;1;0;0;0;0;1
145;1;0;0;1;0;0;0;0;0
147;1;0;1;1;0;0;0;0;0
151;1;0;0;0;0;0;0;1;0
154;1;0;0;1;0;1;0;0;0
158;1;1;0;0;1;0;0;0;0
161;1;1;0;1;0;0;0;0;0
164;1;0;0;0;0;0;1;1;0
165;1;0;0;1;0;0;0;0;0
172;1;0;0;1;0;0;0;0;0
173;1;1;0;0;0;0;0;0;0
176;1;0;0;1;0;0;1;0;0
178;1;1;0;0;1;0;0;0;0
179;1;1;0;0;0;0;1;0;0
183;1;0;1;0;0;0;0;1;0
200;1;1;0;1;0;0;0;0;0
201;1;0;0;0;0;0;0;1;1
206;1;0;0;1;0;0;0;0;1
207;1;0;1;0;0;0;0;0;1
208;1;1;0;0;0;0;0;1;0
215;1;0;0;1;0;0;0;1;0
217;1;0;1;0;0;0;0;0;1
221;1;0;1;0;0;0;0;1;0
223;1;0;0;1;0;1;0;0;0
225;1;1;0;0;1;0;0;0;0
226;1;1;0;0;0;1;0;0;0
230;1;0;0;1;0;0;0;0;1
231;1;0;1;0;0;0;0;1;1
232;1;0;0;1;0;0;0;1;0
234;1;0;0;1;0;0;0;0;0
235;1;0;0;1;0;0;0;0;0
241;1;0;0;0;1;0;0;0;0
242;1;0;0;0;1;0;0;1;0
243;1;0;0;0;0;1;0;1;0
244;1;0;0;1;0;0;0;0;0
246;1;0;0;1;0;1;0;0;0
247;1;1;0;0;1;0;0;0;0
248;1;0;1;0;0;1;0;0;0
249;1;0;0;1;0;1;0;0;0
251;1;0;0;0;0;1;0;1;0
253;1;0;0;0;0;0;0;0;0
256;1;0;0;0;0;1;0;0;0
259;1;0;0;1;0;1;0;0;0
262;1;0;0;0;0;0;0;1;0
265;1;0;0;1;0;0;0;0;0
266;1;0;0;0;0;0;0;0;0
268;1;0;0;0;0;1;0;1;0
278;1;1;0;0;0;0;0;0;0
279;1;0;0;0;0;0;0;0;1
283;1;0;0;1;0;0;0;0;0
286;1;0;0;1;0;1;0;0;0
289;1;0;0;0;0;1;0;1;0
290;1;0;0;0;0;1;0;0;0
293;1;0;0;0;1;0;0;0;0
299;1;0;0;0;0;1;0;0;0
301;1;0;0;1;0;0;1;0;0
308;1;1;0;1;0;0;0;0;0
311;1;0;0;1;0;0;0;1;0
313;1;1;0;1;0;0;0;0;0
324;1;0;0;1;0;1;0;0;0
326;1;0;0;1;0;0;1;0;0
328;1;0;0;0;1;0;0;1;0
329;1;1;0;0;0;0;0;0;0
330;1;0;0;0;0;0;0;0;0
331;1;0;0;0;0;0;0;1;0
332;1;0;0;0;0;0;0;0;0
333;1;0;0;0;0;0;0;0;1
345;1;0;0;0;0;0;0;0;0
348;1;0;0;0;0;1;0;1;0
351;1;0;0;0;1;0;0;0;0
352;1;0;0;0;0;0;0;0;0
356;1;0;0;1;0;0;0;0;0
357;1;0;1;0;0;0;0;1;0
358;1;1;0;1;0;0;0;0;0
364;1;0;1;1;0;0;0;0;0
374;1;0;0;0;0;1;0;1;0
376;1;0;0;0;0;0;1;1;0
377;1;0;0;0;1;0;0;0;1
378;1;0;0;0;0;0;0;0;1
380;1;0;0;0;0;0;0;0;1
382;1;0;1;0;0;0;0;0;0
384;1;1;0;0;0;0;0;1;0
391;1;0;0;0;1;1;0;0;0
392;1;0;1;0;0;0;0;0;0
394;1;0;0;0;0;0;0;1;0
396;1;1;0;0;0;0;0;0;0
397;1;0;0;0;0;0;0;0;0
399;1;0;1;0;0;0;0;0;0
400;1;0;0;0;0;0;0;0;1
408;1;0;0;0;0;0;0;0;0
410;1;0;0;1;0;0;0;0;1
416;1;0;0;0;0;1;0;1;0
417;1;0;0;0;0;0;0;1;0
418;1;1;0;0;0;0;0;1;0
419;1;0;0;0;1;1;0;0;0
421;1;1;0;0;0;1;0;0;0
423;1;0;0;0;0;0;0;1;0
424;1;1;0;0;1;0;0;0;0
426;1;0;0;0;0;1;0;0;0
428;1;0;0;0;0;0;1;0;0
431;1;1;0;0;0;0;0;0;0
433;1;0;0;0;0;0;1;0;0
436;1;0;0;0;0;1;0;1;0
437;1;0;0;1;1;0;0;0;0
439;1;1;0;0;0;0;0;0;1
440;1;0;0;0;0;1;0;0;0
444;1;1;1;0;0;0;0;0;0
445;1;0;0;0;0;1;0;0;0
446;1;0;0;0;0;0;0;1;0
447;1;0;0;1;0;0;0;1;0
450;1;0;0;1;0;0;0;0;0
451;1;1;0;0;1;0;0;0;0
452;1;0;0;0;0;0;0;1;0
453;1;0;0;0;0;1;0;0;0
454;1;0;0;0;0;0;0;0;0
459;1;0;0;1;0;0;0;1;0
460;1;0;0;0;0;1;0;0;1
461;1;0;0;0;0;1;0;1;0
462;1;0;0;0;0;0;0;0;0
463;1;0;0;1;0;0;0;0;0
464;1;0;0;0;0;0;0;0;0
466;1;0;0;0;1;0;0;0;0
469;1;1;0;0;0;0;0;0;0
470;1;0;0;0;0;0;0;0;1
471;1;0;0;1;0;0;0;0;0
474;1;0;1;0;0;0;0;0;0
476;1;0;0;1;0;0;0;1;0
482;1;0;0;1;0;0;0;0;1
483;1;0;0;1;0;0;0;1;0
484;1;0;0;0;0;1;0;0;0
492;1;0;0;1;0;0;0;0;0
494;1;1;0;0;0;1;0;0;0
496;1;0;1;0;0;0;0;0;0
497;1;1;0;1;0;0;0;0;0
499;1;0;0;1;0;1;0;0;0
503;1;1;0;0;1;0;0;0;0
509;1;0;0;0;0;0;1;1;0
511;1;0;0;0;0;1;0;0;1
514;1;0;0;0;0;0;0;0;0
516;1;0;0;1;0;1;0;0;0
517;1;0;0;0;1;1;0;0;0
522;1;0;1;1;0;0;0;0;0
524;1;1;0;0;0;0;0;0;0
536;1;0;0;0;0;0;0;0;0
537;1;0;0;0;0;0;0;0;0
539;1;0;0;0;0;0;0;1;0
540;1;0;0;1;0;0;0;1;0
541;1;1;0;0;0;0;0;0;1
543;1;0;0;1;1;0;0;0;0
544;1;0;0;0;0;0;0;0;0
550;1;1;0;0;0;0;0;0;0
553;1;1;0;0;0;1;0;0;0
554;1;0;0;0;0;0;1;0;0
563;1;0;0;0;0;1;0;1;0
565;1;1;0;0;0;0;1;0;0
572;1;0;0;0;0;1;0;0;0
573;1;0;1;0;0;0;0;0;0
577;1;0;0;0;0;1;0;1;0
578;1;1;0;0;0;0;0;0;1
579;1;1;0;0;1;0;0;0;0
582;1;1;0;0;0;0;0;0;1
584;1;0;0;0;1;0;0;1;0
586;1;0;0;0;0;1;1;0;0
588;1;0;0;0;0;0;1;1;0
589;1;0;0;0;1;0;0;0;0
591;1;0;0;0;0;1;0;0;1
597;1;0;0;0;0;0;0;1;0
602;1;0;0;1;0;0;0;0;0
605;1;0;1;0;0;0;0;1;0
608;1;0;0;1;0;0;0;0;0
611;1;1;0;1;0;0;0;0;0
613;1;0;1;0;0;0;0;0;1
615;1;1;0;0;0;0;0;0;0
619;1;1;0;0;1;0;0;0;0
626;1;0;0;0;1;0;0;0;1
630;1;0;0;0;1;0;0;0;1
643;1;0;0;0;0;0;0;0;0
652;1;0;1;0;0;0;0;1;0
656;1;0;0;0;0;0;0;1;1
657;1;0;0;1;0;1;0;0;0
658;1;1;0;1;0;0;0;0;0
660;1;0;0;0;0;0;0;0;0
661;1;0;0;0;1;0;0;0;1
663;1;0;1;0;0;0;0;0;0
664;1;0;0;1;1;0;0;0;0
666;1;0;0;0;1;0;0;0;0
673;1;0;0;1;0;1;0;0;0
677;1;0;0;1;0;0;0;0;0
679;1;1;0;0;0;0;0;0;0
680;1;0;0;0;1;1;0;0;0
681;1;0;0;0;0;0;0;0;1
682;1;1;0;0;0;0;0;0;0
683;1;0;0;0;0;0;0;0;0
684;1;0;0;1;0;0;0;0;0
689;1;0;0;0;1;0;1;0;0
694;1;0;0;0;0;1;0;1;0
695;1;1;0;0;1;0;0;0;0
696;1;0;0;0;0;1;0;0;0
698;1;0;0;1;0;0;0;0;0
699;1;0;0;0;0;1;0;0;0
700;1;1;0;0;0;1;0;0;0
702;1;0;0;1;0;0;0;0;0
705;1;0;0;0;0;0;0;1;0
708;1;1;0;0;0;0;1;0;0
710;1;1;0;1;0;0;0;0;0
713;1;1;0;0;0;0;0;0;0
715;1;1;0;0;0;0;0;1;0
719;1;0;1;0;0;0;0;0;1
727;1;0;1;1;0;0;0;0;0
728;1;0;1;0;0;1;0;0;0
729;1;0;0;0;0;0;0;1;1
730;1;1;0;0;0;0;0;0;0
732;1;0;0;1;1;0;0;0;0
734;1;0;0;0;0;0;0;0;0
736;1;0;0;0;1;0;1;0;0
738;1;1;0;1;0;0;0;0;0
740;1;0;0;0;0;0;0;0;1
746;1;1;0;0;0;0;0;0;0
749;1;0;0;1;0;1;0;0;0
752;1;0;0;1;0;1;0;0;0
754;1;0;0;0;0;0;0;1;0
755;1;0;0;0;0;0;0;1;1
759;1;1;0;1;0;0;0;0;0
768;1;0;1;0;0;0;0;0;1
772;1;0;0;0;0;0;0;0;0
773;1;1;0;0;0;0;0;0;0
774;1;1;0;0;0;0;0;0;0
779;1;1;0;0;1;0;0;0;0
780;1;0;0;0;1;0;0;0;0
781;1;0;0;1;1;0;0;0;0
783;1;0;0;0;1;0;0;0;0
784;1;1;0;0;1;0;0;0;0
786;1;1;0;0;1;0;0;0;0
787;1;0;0;1;0;0;0;1;0
788;1;0;0;0;0;1;0;0;0
789;1;0;1;0;0;0;0;0;0
790;1;0;0;0;0;0;0;0;1
791;1;1;0;0;0;0;0;1;0
792;1;0;0;1;0;1;0;0;0
796;1;0;0;1;0;0;0;1;0
797;1;0;0;0;0;0;0;0;0
798;1;0;0;1;0;0;0;0;0
799;1;0;0;0;0;0;0;0;1
800;1;0;0;1;0;0;0;0;0
801;1;0;0;0;0;0;1;0;1
805;1;1;0;0;0;1;0;0;0
806;1;1;0;0;0;0;0;0;0
808;1;0;0;1;0;1;0;0;0
809;1;0;0;0;1;0;0;0;1
810;1;0;0;1;0;0;0;1;0
811;1;0;1;0;1;0;0;0;0
814;1;1;0;0;0;0;0;0;0
822;1;0;0;1;0;0;0;0;0
823;1;0;0;0;0;0;0;1;0
826;1;0;0;1;1;0;0;0;0
828;1;0;0;0;0;0;0;1;0
830;1;0;0;0;0;0;0;0;0
834;1;0;0;0;1;0;0;1;0
837;1;1;0;1;0;0;0;0;0
838;1;0;0;0;0;1;0;0;1
840;1;0;0;0;0;0;0;0;0
843;1;1;0;1;0;0;0;0;0
850;1;0;1;1;0;0;0;0;0
851;1;0;0;1;0;0;1;0;0
854;1;0;1;0;0;0;0;0;1
860;1;1;0;0;0;0;0;0;1
863;1;0;0;0;0;1;0;0;1
871;1;0;1;1;0;0;0;0;0
874;1;0;0;1;0;0;0;1;0
877;1;1;0;0;0;0;0;0;0
880;1;1;1;0;0;0;0;0;0
883;1;0;0;1;1;0;0;0;0
885;1;0;0;1;1;0;0;0;0
886;1;0;0;1;1;0;0;0;0
888;1;0;0;1;0;0;0;0;1
891;1;0;1;0;0;1;0;0;0
892;1;0;0;0;0;0;0;0;0
894;1;0;1;0;0;0;0;1;0
895;1;0;0;0;1;0;0;0;0
896;1;0;0;0;1;1;0;0;0
899;1;1;0;1;0;0;0;0;0
901;1;0;1;0;0;0;0;1;0
902;1;0;0;0;0;0;0;0;0
903;1;0;0;1;1;0;0;0;0
904;1;1;0;0;0;0;0;0;1
905;1;0;0;0;0;0;0;0;0
907;1;0;0;0;0;0;0;0;0
913;1;0;0;1;0;0;0;1;0
916;1;1;1;0;0;0;0;0;0
923;1;0;0;1;0;1;0;0;0
924;1;0;0;0;0;1;0;0;0
926;1;0;1;1;0;0;0;0;0
928;1;0;0;0;0;1;0;0;0
929;1;0;0;1;0;0;0;0;0
930;1;0;1;0;0;0;0;1;0
933;1;0;1;0;0;0;0;0;1
934;1;1;0;0;1;0;0;0;0
936;1;1;0;0;1;0;0;0;0
937;1;0;0;0;0;1;0;1;0
940;1;0;0;0;0;0;0;0;0
947;1;0;0;1;0;0;0;0;0
950;1;1;0;0;0;0;0;1;0
959;1;1;0;0;0;0;0;0;0
963;1;1;0;0;1;0;0;0;0
966;1;0;0;0;1;0;0;1;0
967;1;0;0;0;0;1;0;0;0
972;1;1;0;0;0;0;0;0;1
974;1;1;0;0;0;0;0;0;1
975;1;0;1;0;0;0;0;0;0
976;1;1;0;0;0;0;0;0;0
989;1;0;0;0;0;1;0;0;0
990;1;0;0;1;0;0;0;0;1
994;1;0;0;1;0;0;0;0;1
996;1;0;0;0;1;1;0;0;0
1002;1;1;1;0;0;0;0;0;0
1003;1;1;0;1;0;0;0;0;0
1005;1;0;0;0;0;0;0;0;1
1008;1;0;1;0;0;0;0;0;0
1011;1;0;1;0;0;0;0;0;1
1014;1;0;0;0;0;0;0;1;0
1016;1;0;0;0;1;0;0;0;0
1018;1;0;0;1;0;0;0;0;0
1019;1;1;0;0;0;0;0;1;0
1021;1;1;0;0;0;0;0;1;0
1025;1;0;0;0;0;0;0;0;1
1026;1;0;0;0;0;1;1;0;0
1028;1;0;1;0;0;0;0;0;0
1029;1;0;0;0;0;1;0;1;0
1032;1;0;0;0;0;0;0;0;1
1033;1;0;1;0;0;0;0;0;1
1034;1;0;0;1;1;0;0;0;0
1037;1;1;0;0;0;0;0;0;0
1045;1;0;0;0;0;1;0;0;1
1050;1;1;0;1;0;0;0;0;0
1052;1;1;0;0;0;1;0;0;0
1059;1;0;0;1;1;0;0;0;0
1061;1;0;0;0;0;1;0;0;0
1063;1;1;0;1;0;0;0;0;0
1066;1;1;0;0;0;1;0;0;0
1067;1;0;0;0;1;1;0;0;0
1071;1;1;0;0;1;0;0;0;0
1076;1;0;0;1;1;0;0;0;0
1078;1;0;0;1;1;0;0;0;0
1079;1;0;0;0;0;0;0;1;0
1084;1;0;0;0;0;1;0;1;0
1085;1;0;0;1;0;0;0;1;0
1090;1;0;0;0;1;0;0;1;0
1091;1;0;0;0;0;1;0;0;1
1092;1;0;0;0;0;0;0;1;1
1094;1;0;0;1;0;1;0;0;0
1099;1;0;0;0;0;0;1;1;0
1113;1;0;0;0;0;1;0;0;0
1114;1;0;0;0;1;0;0;0;0
1119;1;0;0;0;1;0;0;0;0
1120;1;1;1;0;0;0;0;0;0
1121;1;0;0;1;0;0;0;1;0
1125;1;0;0;0;1;1;0;0;0
1131;1;0;0;0;0;1;0;1;0
1133;1;1;0;0;0;0;1;0;0
1140;1;0;0;1;0;0;0;0;0
1144;1;0;0;0;1;1;0;0;0
1147;1;0;1;0;0;0;0;1;0
1149;1;0;0;1;0;0;0;0;0
1150;1;0;1;0;0;0;0;0;1
1153;1;0;0;1;1;0;0;0;0
1154;1;0;1;0;0;0;0;1;0
1156;1;0;0;0;0;1;0;1;0
1157;1;0;0;1;0;0;0;0;0
1160;1;0;0;0;0;1;0;0;0
1166;1;1;0;1;0;0;0;0;0
1170;1;0;0;0;0;1;0;0;1
1176;1;1;0;0;0;0;1;0;0
1177;1;0;0;0;1;0;0;0;1
1178;1;0;0;1;0;0;0;0;0
1179;1;0;0;1;1;0;0;0;0
1180;1;0;0;1;0;0;0;0;0
1184;1;0;1;1;0;0;0;0;0
1186;1;1;0;0;0;0;0;1;0
1187;1;0;0;0;0;1;0;1;0
1190;1;1;0;1;0;0;0;0;0
1192;1;0;0;0;0;0;0;0;1
1195;1;1;0;0;0;1;0;0;0
1199;1;1;0;0;0;0;0;1;0
1202;1;1;0;0;1;0;0;0;0
1204;1;0;0;0;0;0;0;1;0
1210;1;1;0;0;0;0;0;0;0
1214;1;0;0;1;0;1;0;0;0
1220;1;0;0;0;1;1;0;0;0
1225;1;0;0;0;0;1;0;1;0
1227;1;0;0;1;1;0;0;0;0
1232;1;0;0;0;0;0;0;1;0
1234;1;0;0;0;1;0;0;0;1
1248;1;0;0;0;0;0;0;0;0
1251;1;0;0;0;1;1;0;0;0
1254;1;1;1;0;0;0;0;0;0
1259;1;1;0;0;0;0;0;0;0
1261;1;0;0;1;0;1;0;0;0
1268;1;0;0;0;0;0;0;0;0
1271;1;0;0;0;1;1;0;1;1
1272;1;0;0;1;0;0;0;1;0
1274;1;0;0;1;0;0;0;0;0
1275;1;1;0;0;0;0;0;1;0
1277;1;0;0;1;0;0;0;0;0
1279;1;0;0;1;0;1;0;0;0
1280;1;1;1;0;0;0;0;0;0
1282;1;1;0;0;0;0;0;0;1
1284;1;1;0;0;0;0;0;1;0
1286;1;1;0;1;0;0;0;0;0
1291;1;0;1;0;0;1;0;0;0
1292;1;0;0;0;1;0;0;0;1
1294;1;0;0;0;0;0;0;0;0
1297;1;0;0;1;0;0;0;0;1
1299;1;0;1;0;0;0;0;0;1
1301;1;0;0;0;1;0;0;0;0
1305;1;1;1;0;0;0;0;0;0
1308;1;0;1;0;1;0;0;0;0
1315;1;1;0;0;1;0;0;0;0
1322;1;0;0;0;0;0;0;0;0
1324;1;0;0;0;1;0;0;0;0
1330;1;0;0;0;0;1;0;1;0
1332;1;1;0;0;0;0;0;0;1
1333;1;1;0;0;1;0;0;0;0
1335;1;0;0;0;0;0;0;1;0
1340;1;1;0;0;1;0;0;0;0